season_group,sale_month,n,median_kept_pct,index
warm,1,35,40.0,0.73
warm,2,33,50.0,0.91
warm,3,78,54.2,0.99
warm,4,72,60.0,1.09
warm,5,106,60.0,1.09
warm,6,92,76.8,1.4
warm,7,78,70.3,1.28
warm,8,33,60.0,1.09
warm,9,17,46.7,0.85
warm,10,9,44.4,0.81
warm,11,21,47.8,0.87
warm,12,26,50.0,0.91
cold,1,27,80.0,1.45
cold,2,24,61.8,1.12
cold,3,29,55.0,1.0
cold,4,33,50.0,0.91
cold,5,38,46.8,0.85
cold,6,29,46.9,0.85
cold,7,41,50.0,0.91
cold,8,11,45.0,0.82
cold,9,24,39.5,0.72
cold,10,16,45.9,0.83
cold,11,19,70.4,1.28
cold,12,15,70.0,1.27
